Seam,OSMLineCount,OSMWeight,OSMAvgVoltageKV,SyntheticBranchCount,SyntheticCapacityMW,SyntheticAvgX,TargetCapacityMW,CapacityGapMW,RecommendedFloorMW,RecommendedScale
Maine-NNE,12,15.571739,229.58333333333334,6,2074.5299999999997,0.08282683333333334,1613.5601404646375,-460.9698595353623,2074.5299999999997,1.0
NNE-ROP,17,23.065433,223.23529411764707,6,2437.3,0.028832333333333335,2390.064674944634,-47.23532505536605,2437.3,1.0
NNE-SENE,9,12.943478,254.44444444444446,2,792.56,0.028152,1341.216943064673,548.656943064673,1341.216943064673,1.69225918929125
ROP-SENE,14,13.780000000000001,174.14285714285714,3,1468.35,0.030245000000000005,1427.898241526056,-40.45175847394398,1468.35,1.0
