OriginalFromBus,OriginalToBus,OriginalFromZone,OriginalToZone,BridgeBus,BridgeZone,Capacity (MW),OriginalX,LegAB_X,LegBC_X,OriginalMiles,LegAB_Miles,LegBC_Miles
24,177,ROP,Maine,135,NNE,353.36,0.014281,0.004659545097357953,0.00962145490264205,258.1334880066477,84.36615293123708,174.206949128481
26,202,SENE,Maine,135,NNE,530.03,0.072454,0.02994490810303859,0.04250909189696141,160.5258405995519,82.92550670467078,117.71911180963816
27,202,SENE,Maine,135,NNE,300.0,0.023333,0.00956056907676532,0.013772430923234682,185.9858102181025,81.71844944328626,117.71911180963816
196,141,ROP,Maine,25,NNE,1496.37,0.033414,0.014128712283506447,0.01928528771649355,263.36043704503805,111.36271989363081,152.00692398181852
166,245,SENE,Maine,135,NNE,300.0,0.04,0.01896797812319449,0.021032021876805508,188.48583961808612,93.97521327724304,104.20134021071767
174,250,Maine,ROP,21,NNE,868.25,0.008116,0.005010472308177986,0.003105527691822014,218.91366844138824,135.18274780631896,83.78726414352276
177,249,Maine,ROP,135,NNE,200.0,0.035,0.0225780287440022,0.012421971255997807,269.75767372441754,174.206949128481,95.84511292837834
193,200,Maine,ROP,135,NNE,530.03,0.061567,0.0350676901642125,0.026499309835787487,221.60344222791906,126.2746139212157,95.42088751849454
243,245,SENE,Maine,135,NNE,530.03,0.009942,0.0026978130241901567,0.007244186975809843,124.23490684254698,38.80569809935326,104.20134021071767
