Zone,State,Emissions_ton
Z1,TS,124838.09861658473
Z2,TS,0.0
Z3,TS,0.0
Z4,TS,6534.427097737084
