Zone,Opr_cost ($),LoL_plt ($),Total_cost ($)
Z1,4.61202241893912e6,0.0,4.61202241893912e6
Z2,377571.43954098213,0.0,377571.43954098213
Z3,861053.155392353,0.0,861053.155392353
Z4,6.007626088143151e6,0.0,6.007626088143151e6
