Technology,Zone,EC_Category,New_Build,EnergyCapacity (MWh),Capacity (MW)
Battery,APS_MD,Existing,0,44.0,11.0
Battery,APS_MD,Candidate,1,2545.3112026967715,636.3278006741929
Battery,DPL_MD,Candidate,1,4790.090496847571,1197.5226242118927
Battery,BGE,Candidate,1,2312.3442944392605,578.0860736098151
Battery,PEPCO,Candidate,1,2352.2540060163974,588.0635015040993
