Technology,Zone,EC_Category,New_Build,EnergyCapacity (MWh),Capacity (MW)
Battery,APS_MD,Existing,0,44.0,11.0
Battery,APS_MD,Candidate,1,6416.962297321166,1604.2405743302916
Battery,DPL_MD,Candidate,1,5133.4324503241205,1283.3581125810301
Battery,BGE,Candidate,1,215.5254778871126,53.88136947177815
Battery,PEPCO,Candidate,1,234.07977446759972,58.51994361689993
