Zone,Inv_cost,Opr_cost,LoL_plt,Total_cost
APS_MD,2.1482580574855968e8,717119.2168825938,0.0,2.1554292496544227e8
BGE,2.1469190679e8,1.6467644540547708e7,0.0,2.311595513305477e8
PEPCO,2.1469190679000014e8,3.8496118279622996e8,0.0,5.9965308958623e8
DPL_MD,2.1469190679e8,7.151494952121001e7,0.0,2.8620685631121004e8
APS,0.0,0.0,0.0,0.0
DPL,0.0,0.0,0.0,0.0
