Zone,Inv_cost ($),Opr_cost ($),LoL_plt ($),Total_cost ($)
APS_MD,2.5065640267510265e6,2.1197546432811815e7,0.0,2.370411045956284e7
BGE,603941.7422217758,6.7075951632495485e7,0.0,6.767989337471727e7
PEPCO,603517.3548573485,1.8927266081636176e8,0.0,1.898761781712191e8
DPL_MD,823100.052738244,6.796184051546119e7,0.0,6.878494056819944e7
APS,0.0,0.0,0.0,0.0
DPL,0.0,0.0,0.0,0.0
