Zone,Inv_cost ($),Opr_cost ($),LoL_plt ($),Total_cost ($)
APS_MD,222065.8740625319,1.5790436885388112e8,0.0,1.5812643472794366e8
BGE,167887.53781655073,2.5722308954021612e8,0.0,2.5739097707803267e8
PEPCO,167930.06662472757,5.644555277300719e8,0.0,5.646234577966967e8
DPL_MD,285538.9578852956,1.5432437146080327e8,0.0,1.5460991041868857e8
APS,0.0,0.0,0.0,0.0
DPL,0.0,0.0,0.0,0.0
