Zone,Inv_cost ($),Opr_cost ($),LoL_plt ($),Total_cost ($)
APS_MD,3.9724462697901824e6,7.596558586421789e7,0.0,7.993803213400808e7
BGE,614741.7244100539,2.5990429368229598e8,0.0,2.6051903540670604e8
PEPCO,613979.8720211923,4.533251755631663e8,0.0,4.539391554351875e8
DPL_MD,964674.438517887,3.076396553694047e8,0.0,3.0860432980792254e8
APS,0.0,0.0,0.0,0.0
DPL,0.0,0.0,0.0,0.0
