Zone,Inv_cost,Opr_cost,LoL_plt,Total_cost
APS_MD,4.0399794483829523e6,2.3138975673692342e7,0.0,2.7178955122075293e7
BGE,620137.6888246317,6.3190498876499295e7,0.0,6.381063656532393e7
PEPCO,619974.9533674169,1.7980219247167405e8,0.0,1.8042216742504147e8
DPL_MD,811790.7998173321,6.540773120414542e7,0.0,6.621952200396275e7
APS,0.0,0.0,0.0,0.0
DPL,0.0,0.0,0.0,0.0
