Zone,Inv_cost,Opr_cost,LoL_plt,Total_cost
APS_MD,9.90067917297161e7,4321.309167697029,0.0,9.90111130388838e7
BGE,9.870519809e7,8320.475409517669,0.0,9.871351856540953e7
PEPCO,9.870519809e7,391714.00241134973,0.0,9.909691209241135e7
DPL_MD,9.870519809e7,4873.8809614215215,0.0,9.871007197096142e7
APS,0.0,0.0,0.0,0.0
DPL,0.0,0.0,0.0,0.0
