Zone,Inv_cost,Opr_cost,LoL_plt,Total_cost
APS_MD,2.146919067899995e8,4.620926924745375e6,0.0,2.193128337147449e8
BGE,2.1469190678999954e8,4.6625220718896784e7,0.0,2.6131712750889632e8
PEPCO,2.146919067899998e8,3.5725314009253377e8,0.0,5.719450468825336e8
DPL_MD,2.1469190678999892e8,5.641843295799018e7,0.0,2.711103397479891e8
APS,0.0,0.0,0.0,0.0
DPL,0.0,0.0,0.0,0.0
