Zone,Inv_cost,Opr_cost,LoL_plt,Total_cost
APS_MD,2.831500661053637e8,1.765551465188423e8,0.0,4.5970521262420607e8
BGE,2.174053417614521e8,2.6399400758430175e7,0.0,2.438047425198823e8
PEPCO,2.1562702025175077e8,2.747334871657427e8,0.0,4.9036050741749346e8
DPL_MD,2.199079091431998e8,6.6688653468718156e7,0.0,2.86596562611918e8
APS,0.0,0.0,0.0,0.0
DPL,0.0,0.0,0.0,0.0
