Zone,Inv_cost ($),Opr_cost ($),LoL_plt ($),Total_cost ($)
APS_MD,232006.31822381727,2.6020417368066737e8,0.0,2.6043617999889117e8
BGE,177019.0568040528,1.2165283808913782e8,0.0,1.2182985714594187e8
PEPCO,200071.62341222743,6.095603915884558e8,0.0,6.09760463211868e8
DPL_MD,209373.76762383882,1.9005731526773915e8,0.0,1.90266689035363e8
APS,0.0,0.0,0.0,0.0
DPL,0.0,0.0,0.0,0.0
