Zone,Inv_cost,Opr_cost,LoL_plt,Total_cost
APS_MD,9.90067917297161e7,4259.3115790467455,0.0,9.901105104129516e7
BGE,9.870519809e7,8361.130635972771,0.0,9.871355922063598e7
PEPCO,9.870519809e7,391735.3447735449,0.0,9.909693343477355e7
DPL_MD,9.870519809e7,4873.8809614215215,0.0,9.871007197096142e7
APS,0.0,0.0,0.0,0.0
DPL,0.0,0.0,0.0,0.0
