Zone,Inv_cost ($),Opr_cost ($),LoL_plt ($),Total_cost ($)
APS_MD,392181.54482669913,1.6293027245827523e8,0.0,1.6332245400310192e8
BGE,174466.54348293907,2.3985056957652223e8,0.0,2.4002503612000516e8
PEPCO,174566.56961588917,5.450756947245694e8,0.0,5.452502612941853e8
DPL_MD,180911.39276317644,1.6457825605575448e8,0.0,1.6475916744851765e8
APS,0.0,0.0,0.0,0.0
DPL,0.0,0.0,0.0,0.0
