Zone,Inv_cost ($),Opr_cost ($),LoL_plt ($),Total_cost ($)
APS_MD,1.066786004245478e6,7.26688154579138e6,0.0,8.333667550036858e6
BGE,582255.59262,4.975282448339688e7,0.0,5.033508007601688e7
PEPCO,582255.59262,1.253131173230996e8,0.0,1.258953729157196e8
DPL_MD,753116.5382348541,3.3610315932716854e7,0.0,3.4363432470951706e7
APS,0.0,0.0,0.0,0.0
DPL,0.0,0.0,0.0,0.0
