Zone,Inv_cost ($),Opr_cost ($),LoL_plt ($),Total_cost ($)
APS_MD,776754.2714526752,1.5141681866577652e8,0.0,1.521935729372292e8
BGE,582255.59262,1.673173877994406e8,0.0,1.6789964339206058e8
PEPCO,582255.59262,3.197370736426885e8,0.0,3.203193292353085e8
DPL_MD,582255.59262,1.0665451637288167e8,0.0,1.0723677196550167e8
APS,0.0,0.0,0.0,0.0
DPL,0.0,0.0,0.0,0.0
