Technology,Zone,EC_Category,New_Build,EnergyCapacity (MWh),Capacity (MW)
Battery,APS_MD,Existing,0,44.0,11.0
Battery,APS_MD,Candidate,1,10861.78889740625,2715.4472243515625
Battery,DPL_MD,Candidate,1,6256.5834906385835,1564.1458726596459
Battery,BGE,Candidate,1,8263.809425674814,2065.9523564187034
Battery,PEPCO,Candidate,1,2656.7645081302253,664.1911270325563
