Technology,Zone,EC_Category,New_Build,EnergyCapacity (MWh),Capacity (MW)
Battery,APS_MD,Existing,0,44.0,11.0
Battery,APS_MD,Candidate,1,7268.513186024263,1817.1282965060657
Battery,DPL_MD,Candidate,1,5865.300745637642,1466.3251864094104
Battery,BGE,Candidate,1,7607.536474455833,1901.8841186139582
Battery,PEPCO,Candidate,1,7283.113872970155,1820.7784682425388
