Zone,Inv_cost ($),Opr_cost ($),LoL_plt ($),Total_cost ($)
APS_MD,4.8098853157379216e8,8.695306110215534e7,0.0,5.679415926759475e8
BGE,2.3048183127171792e7,2.062287462563821e7,0.0,4.367105775281e7
PEPCO,2.3822220007811417e6,4.6634202330853057e8,0.0,4.687242453093117e8
DPL_MD,1.3211453429191323e7,1.100342371536698e8,0.0,1.2324569058286113e8
APS,0.0,0.0,0.0,0.0
DPL,0.0,0.0,0.0,0.0
