Zone,Inv_cost ($),Opr_cost ($),LoL_plt ($),Total_cost ($)
APS_MD,3.244722008320202e6,4.389051283322307e7,0.0,4.713523484154327e7
BGE,614342.5830854771,1.256223059418941e8,0.0,1.2623664852497958e8
PEPCO,613919.0909023505,2.6834405654180968e8,0.0,2.68957975632712e8
DPL_MD,899824.0974653142,1.2994497356325597e8,0.0,1.3084479766072129e8
APS,0.0,0.0,0.0,0.0
DPL,0.0,0.0,0.0,0.0
