Zone,Inv_cost ($),Opr_cost ($),LoL_plt ($),Total_cost ($)
APS_MD,3.751398813060279e6,2.83570105678089e8,0.0,2.873215044911493e8
BGE,660756.4338515294,4.240858178094055e8,0.0,4.2474657424325705e8
PEPCO,582255.59262,4.2955212877451664e8,0.0,4.3013438436713666e8
DPL_MD,1.0002853288591586e6,4.192730730408859e8,0.0,4.202733583697451e8
APS,0.0,0.0,0.0,0.0
DPL,0.0,0.0,0.0,0.0
