Zone,Inv_cost ($),Opr_cost ($),LoL_plt ($),Total_cost ($)
APS_MD,500935.7414943154,2.297225742220126e8,0.0,2.3022350996350694e8
BGE,258250.62854727212,3.0245321115192485e8,0.0,3.027114617804721e8
PEPCO,256045.67786523153,6.494506250155767e8,0.0,6.49706670693442e8
DPL_MD,205333.6497309697,2.1515114398553205e8,0.0,2.1535647763526303e8
APS,0.0,0.0,0.0,0.0
DPL,0.0,0.0,0.0,0.0
