Zone,Inv_cost ($),Opr_cost ($),LoL_plt ($),Total_cost ($)
APS_MD,255681.56819750994,4.325087812332098e8,0.0,4.327644628014073e8
BGE,199531.4393694442,1.8358486963942927e8,0.0,1.837844010787987e8
PEPCO,188766.15903570462,6.731090249687771e8,0.0,6.732977911278127e8
DPL_MD,461770.86516361847,2.132594527042178e8,0.0,2.1372122356938142e8
APS,0.0,0.0,0.0,0.0
DPL,0.0,0.0,0.0,0.0
