Zone,State,Emissions_ton
Z1,TS,138522.30430525314
Z2,TS,0.0
Z3,TS,0.0
Z4,TS,10140.401909235485
