Zone,State,Emissions_ton
Z1,TS,140656.4175868503
Z2,TS,0.0
Z3,TS,0.0
Z4,TS,10492.377701237569
