Zone,Opr_cost ($),LoL_plt ($),Total_cost ($)
Z1,5.115713207361778e6,0.0,5.115713207361778e6
Z2,391008.92095600703,0.0,391008.92095600703
Z3,1.137814704715638e6,0.0,1.137814704715638e6
Z4,6.320493511012711e6,0.0,6.320493511012711e6
