Zone,Opr_cost ($),LoL_plt ($),Total_cost ($)
Z1,5.194551799551723e6,0.0,5.194551799551723e6
Z2,391010.28663743904,0.0,391010.28663743904
Z3,1.1377695001900548e6,0.0,1.1377695001900548e6
Z4,6.3442827632579e6,0.0,6.3442827632579e6
