Zone,Type,Max Power (MW),Cost ($/MW)
Z1,DRShift,79.91999999999999,18.0
Z2,DRShift,85.91999999999999,18.0
Z3,DRShift,148.08,18.0
Z4,DRShift,49.08,18.0
