Technology,Zone,EC_Category,New_Build,EnergyCapacity (MWh),Capacity (MW)
Battery,APS_MD,Existing,0,44.0,11.0
Battery,APS_MD,Candidate,1,12902.337951362546,3225.5844878406365
Battery,DPL_MD,Candidate,1,7118.1504757365165,1779.5376189341291
Battery,BGE,Candidate,1,4315.730657611228,1078.932664402807
Battery,PEPCO,Candidate,1,4281.704140926901,1070.4260352317253
