Technology,Zone,EC_Category,New_Build,EnergyCapacity (MWh),Capacity (MW)
Battery,APS_MD,Existing,0,44.0,11.0
Battery,APS_MD,Candidate,1,36115.22534507391,9028.806336268477
Battery,DPL_MD,Candidate,1,25284.428306484373,6321.107076621093
Battery,BGE,Candidate,1,27292.461253423924,6823.115313355981
Battery,PEPCO,Candidate,1,30342.987714576986,7585.7469286442465
