Zone,Inv_cost ($),Opr_cost ($),LoL_plt ($),Total_cost ($)
APS_MD,274665.56732000003,1.6424803626254192e8,0.0,1.645227018298619e8
BGE,176613.72912520723,9.521049771915057e7,0.0,9.538711144827577e7
PEPCO,173839.5215892584,2.2742446062832212e8,0.0,2.2759830014991137e8
DPL_MD,135980.61416370186,7.825931174868152e7,0.0,7.839529236284521e7
APS,0.0,0.0,0.0,0.0
DPL,0.0,0.0,0.0,0.0
