Zone,Inv_cost ($),Opr_cost ($),LoL_plt ($),Total_cost ($)
APS_MD,215420.80337123355,1.393229197356667e8,0.0,1.395383405390379e8
BGE,182574.64722661287,1.1043429899777597e8,0.0,1.1061687364500259e8
PEPCO,176929.04824347273,2.3595813995488676e8,0.0,2.3613506900313023e8
DPL_MD,133399.63311817063,7.871591927037083e7,0.0,7.8849318903489e7
APS,0.0,0.0,0.0,0.0
DPL,0.0,0.0,0.0,0.0
