Zone,Inv_cost ($),Opr_cost ($),LoL_plt ($),Total_cost ($)
APS_MD,659765.7861456578,1.6372708089590865e8,0.0,1.643868466820543e8
BGE,188471.71602178196,9.914756752253437e7,0.0,9.933603923855615e7
PEPCO,177908.57391144673,2.309759576499555e8,0.0,2.3115386622386697e8
DPL_MD,120502.29684362226,7.127142264215255e7,0.0,7.139192493899617e7
APS,0.0,0.0,0.0,0.0
DPL,0.0,0.0,0.0,0.0
