Zone,Inv_cost ($),Opr_cost ($),LoL_plt ($),Total_cost ($)
APS_MD,3.162202250399534e9,1.3975675909072307e8,0.0,3.3019590094902573e9
BGE,1.6420990325442104e9,1.0555176181766383e8,0.0,1.7476507943618743e9
PEPCO,1.5982055650809937e9,2.4220997984258243e8,0.0,1.840415544923576e9
DPL_MD,1.4146420811003416e9,8.138449144023892e7,0.0,1.4960265725405805e9
APS,0.0,0.0,0.0,0.0
DPL,0.0,0.0,0.0,0.0
