Zone,Inv_cost ($),Opr_cost ($),LoL_plt ($),Total_cost ($)
APS_MD,205179.77050262754,1.0031572064610866e8,0.0,1.0052090041661128e8
BGE,201368.6214752145,9.519870938415824e7,0.0,9.540007800563346e7
PEPCO,201222.75429937404,2.326233134051864e8,0.0,2.328245361594858e8
DPL_MD,421893.4106604103,1.4138804596091837e8,0.0,1.4180993937157878e8
APS,0.0,0.0,0.0,0.0
DPL,0.0,0.0,0.0,0.0
