Zone,Opr_cost,LoL_plt,Total_cost
APS_MD,0.0,9.11642861531687e7,9.11642861531687e7
BGE,0.0,0.0,0.0
PEPCO,0.0,0.0,0.0
DPL_MD,0.0,0.0,0.0
APS,0.0,0.0,0.0
DPL,0.0,0.0,0.0
