Zone,Opr_cost,LoL_plt,Total_cost
APS_MD,0.0,3.6926352666475534e9,3.6926352666475534e9
BGE,0.0,1.6817800336272863e8,1.6817800336272863e8
PEPCO,0.0,1.0895881812454036e6,1.0895881812454036e6
DPL_MD,0.0,1.4063429661916513e9,1.4063429661916513e9
APS,0.0,5.485967151903186e9,5.485967151903186e9
DPL,0.0,1.0781002302829628e10,1.0781002302829628e10
