Zone,Opr_cost ($),LoL_plt ($),Total_cost ($)
APS_MD,4.0668027904640174e8,9.11642861531687e7,4.978445651995704e8
BGE,2.280353233115933e8,0.0,2.280353233115933e8
PEPCO,7.832613420727717e8,0.0,7.832613420727717e8
DPL_MD,1.9273282084133342e8,0.0,1.9273282084133342e8
APS,0.0,0.0,0.0
DPL,0.0,0.0,0.0
