Zone,Opr_cost ($),LoL_plt ($),Total_cost ($)
APS_MD,3.9721533407795703e8,6.237398413161154e7,4.5958931820956856e8
BGE,2.2547988159397188e8,0.0,2.2547988159397188e8
PEPCO,7.929695821625987e8,0.0,7.929695821625987e8
DPL_MD,1.9503375554931617e8,0.0,1.9503375554931617e8
APS,0.0,2.8790302021558046e7,2.8790302021558046e7
DPL,0.0,0.0,0.0
