Technology,Zone,EC_Category,New_Build,EnergyCapacity (MWh),Capacity (MW)
Battery,APS_MD,Existing,0,44.0,11.0
Battery,APS_MD,Candidate,1,4707.943541111632,1176.985885277908
Battery,DPL_MD,Candidate,1,1849.3446125301564,462.3361531325391
Battery,BGE,Candidate,1,402.0021456629384,100.5005364157346
Battery,PEPCO,Candidate,1,3118.2746270911925,779.5686567727981
