Technology,Zone,EC_Category,New_Build,EnergyCapacity (MWh),Capacity (MW)
Battery,APS_MD,Existing,0,44.0,11.0
Battery,APS_MD,Candidate,1,4397.91827241695,1099.4795681042374
Battery,DPL_MD,Candidate,1,1355.8455244098345,338.96138110245863
Battery,BGE,Candidate,1,2368.3559207073745,592.0889801768436
Battery,PEPCO,Candidate,1,1955.445153441642,488.8612883604105
