Zone,Inv_cost ($),Opr_cost ($),LoL_plt ($),Total_cost ($)
APS_MD,7.577446715107514e7,1.1614351338197546e8,0.0,1.919179805330506e8
BGE,5.970175214152073e7,9.547615843730965e7,0.0,1.551779105788304e8
PEPCO,4.1678312448e8,5.138525041868157e8,0.0,9.306356286668158e8
DPL_MD,0.0,9.69857337416081e7,0.0,9.69857337416081e7
APS,0.0,0.0,0.0,0.0
DPL,0.0,0.0,0.0,0.0
