Zone,Inv_cost ($),Opr_cost ($),LoL_plt ($),Total_cost ($)
APS_MD,1.0263557480098336e9,2.2387812592200294e8,0.0,1.2502338739318366e9
BGE,5.74901091934446e8,3.143001449686668e8,0.0,8.892012369031128e8
PEPCO,3.833260114515011e8,9.321479404213948e8,0.0,1.315473951872896e9
DPL_MD,7.003289721543611e6,2.5732955997826004e8,0.0,2.6433284969980365e8
APS,0.0,0.0,0.0,0.0
DPL,0.0,0.0,0.0,0.0
