Zone,Inv_cost ($),Opr_cost ($),LoL_plt ($),Total_cost ($)
APS_MD,1.0078787745534366e9,1.6416156487070087e8,0.0,1.1720403394241376e9
BGE,4.7536311004018104e8,3.5081606462537915e8,0.0,8.261791746655602e8
PEPCO,5.95343214329251e8,8.931316043038461e8,0.0,1.4884748186330972e9
DPL_MD,7.164215118232064e6,3.195465373846835e8,0.0,3.2671075250291556e8
APS,0.0,0.0,0.0,0.0
DPL,0.0,0.0,0.0,0.0
