Zone,Inv_cost ($),Opr_cost ($),LoL_plt ($),Total_cost ($)
APS_MD,3.162393811802514e9,1.6443411593043458e8,0.0,3.326827927732949e9
BGE,1.3607185634108167e9,9.807006475909567e7,0.0,1.4587886281699123e9
PEPCO,1.3983774009715757e9,2.3659318638257167e8,0.0,1.6349705873541474e9
DPL_MD,1.0051774941036174e9,7.6298278915912e7,0.0,1.0814757730195293e9
APS,0.0,0.0,0.0,0.0
DPL,0.0,0.0,0.0,0.0
