Zone,Opr_cost,LoL_plt,Total_cost
APS_MD,0.0,2.043364360552263e10,2.043364360552263e10
BGE,0.0,8.197781363561513e8,8.197781363561513e8
PEPCO,0.0,3.379957277448741e8,3.379957277448741e8
DPL_MD,0.0,5.938095038424819e8,5.938095038424819e8
APS,0.0,1.1035245001655222e11,1.1035245001655222e11
DPL,0.0,2.7979324790627377e10,2.7979324790627377e10
