Zone,Opr_cost,LoL_plt,Total_cost
APS_MD,0.0,8.334009927861285e8,8.334009927861285e8
BGE,0.0,3.9722112668050987e8,3.9722112668050987e8
PEPCO,0.0,0.0,0.0
DPL_MD,0.0,5.903639960912317e8,5.903639960912317e8
APS,0.0,1.9516449722385833e8,1.9516449722385833e8
DPL,0.0,3.125393901811004e8,3.125393901811004e8
