Zone,Opr_cost,LoL_plt,Total_cost
APS_MD,0.0,4.1541932010259575e10,4.1541932010259575e10
BGE,0.0,0.0,0.0
PEPCO,0.0,0.0,0.0
DPL_MD,0.0,8.393557822529447e7,8.393557822529447e7
APS,0.0,4.746232779013856e10,4.746232779013856e10
DPL,0.0,6.551699185901468e7,6.551699185901468e7
